id,corporation1,rank,order,score,time,generations,corporation2,hour
钝,Saturn Systems,4,3,61,2020-08-31 15:05:21,8,nan,15
钝,Viron (breakthrough),3,4,56,2020-08-31 15:05:21,7,nan,15
钝,Celestic (breakthrough),2,3,88,2020-08-31 15:05:21,9,nan,15
钝,Aphrodite (breakthrough),2,2,57,2020-08-31 15:05:21,7,nan,15
钝,Pharmacy Union,3,2,65,2020-08-31 15:05:21,8,nan,15
钝,Teractor (breakthrough),2,2,62,2020-08-31 15:05:21,7,nan,15
钝,Poseidon,1,3,87,2020-08-31 15:05:21,8,nan,15
钝,Arklight (breakthrough),3,3,69,2020-08-31 15:05:21,7,nan,15
钝,Mining guild (breakthrough),2,4,90,2020-08-31 15:05:21,9,nan,15
钝,UNMI (breakthrough),1,3,68,2020-08-31 15:05:21,7,nan,15
钝,Manutech,2,2,71,2020-08-31 15:05:21,8,nan,15
钝,Inventrix (breakthrough),4,2,71,2020-09-01 16:54:13,8,nan,16
钝,Inventrix (breakthrough),4,4,56,2020-09-02 22:27:53,8,nan,22
钝,Inventrix (breakthrough),1,2,95,2020-09-09 17:20:06,9,nan,17
钝,Lakefront Resorts,1,3,66,2020-09-09 20:34:10,7,nan,20
钝,Vitor,3,2,80,2020-09-09 23:39:35,8,nan,23
钝,Pharmacy Union,3,4,92,2020-09-11 23:00:24,9,nan,23
钝,Septem Tribus,1,2,89,2020-09-13 17:12:04,8,nan,17
钝,Manutech,4,2,71,2020-09-13 20:41:49,8,nan,20
钝,Cheung Shing MARS,4,3,59,2020-09-16 20:12:02,8,nan,20
钝,Arklight (breakthrough),1,1,104,2020-09-21 22:57:40,9,nan,22
钝,Septem Tribus,2,1,66,2020-09-23 22:34:21,8,nan,22
钝钝,Point Luna,2,1,82,2020-09-24 21:22:27,8,nan,21
钝,Teractor (breakthrough),1,3,91,2020-09-25 22:27:58,8,nan,22
钝钝,Poseidon,2,3,84,2020-10-09 18:41:35,9,nan,18
钝钝,Viron (breakthrough),1,4,139,2020-10-12 16:11:02,9,nan,16
钝钝,Viron (breakthrough),4,1,73,2020-10-13 16:28:43,9,nan,16
钝,Aridor,3,1,84,2020-10-13 19:51:14,9,nan,19
钝,UNMI (breakthrough),2,1,89,2020-10-14 21:19:22,9,nan,21
钝钝,Point Luna,3,3,60,2020-10-15 22:16:19,7,nan,22
钝钝,Mining guild (breakthrough),3,4,60,2020-10-19 23:28:07,7,nan,23
钝钝,Vitor,3,3,83,2020-10-20 17:00:59,9,nan,17
钝钝,Project Workshop,3,4,100,2020-10-21 21:58:10,9,nan,21
钝钝,Mining guild (breakthrough),3,4,61,2020-10-23 23:36:38,7,nan,23
钝钝,Playwrights,1,2,139,2020-10-24 16:46:16,10,nan,16
钝钝,Manutech,1,3,128,2020-10-29 18:14:06,9,nan,18
钝钝,Poseidon,3,2,71,2020-10-30 21:21:59,7,nan,21
钝钝,Vitor,1,3,150,2020-11-01 22:54:10,9,nan,22
钝钝,StormCraft Incorporated (breakthrough),2,4,84,2020-11-02 21:29:21,8,nan,21
钝钝,Point Luna,1,1,144,2020-11-04 18:39:12,9,nan,18
钝钝,Poseidon,3,4,93,2020-11-05 01:14:20,9,nan,1
钝钝,Inventrix (breakthrough),4,2,111,2020-11-05 23:46:18,10,nan,23
钝钝,Aridor,3,3,93,2020-11-06 17:01:32,9,nan,17
钝钝,Tharsis Republic,2,2,104,2020-11-06 21:48:13,9,nan,21
钝钝,Playwrights,1,4,82,2020-11-09 20:46:39,8,nan,20
钝钝,Point Luna,1,2,98,2020-11-10 00:03:59,7,nan,0
钝,Splice (breakthrough),1,1,129,2020-11-17 03:20:09,9,nan,3
钝,UNMI (breakthrough),2,2,71,2020-11-20 02:24:08,7,nan,2
钝钝,Factorum (breakthrough),1,3,125,2020-11-20 16:27:37,8,nan,16
钝钝,Point Luna,2,1,65,2020-11-20 20:47:22,7,nan,20
钝钝,StormCraft Incorporated (breakthrough),3,3,44,2020-11-20 23:07:38,5,nan,23
钝钝,Manutech,1,3,73,2020-11-22 23:37:24,8,nan,23
钝钝,Pharmacy Union,1,4,110,2020-11-23 22:19:43,9,nan,22
钝钝,Teractor (breakthrough),3,1,61,2020-11-24 01:27:37,7,nan,1
钝钝,UNMI (breakthrough),1,2,75,2020-11-24 22:13:36,7,nan,22
钝钝,Midas,4,2,84,2020-11-25 02:12:46,8,nan,2
钝钝,Philares,1,2,133,2020-11-26 22:35:53,8,nan,22
钝钝,Teractor (breakthrough),1,3,68,2020-11-28 21:47:34,7,nan,21
钝钝,CrediCor,1,3,117,2020-11-29 23:16:23,9,nan,23
钝,Point Luna,2,2,98,2020-11-30 18:32:00,9,nan,18
钝钝,Tharsis Republic,2,3,76,2020-11-30 21:12:45,8,nan,21
钝钝,Philares,1,4,104,2020-12-01 00:04:46,7,nan,0
钝钝,Point Luna,2,1,80,2020-12-01 21:54:08,8,nan,21
钝钝,Thorgate (breakthrough),3,4,62,2020-12-02 13:38:03,7,nan,13
钝钝,Point Luna,1,4,72,2020-12-02 20:58:42,7,nan,20
钝钝,Aridor,2,4,81,2020-12-03 00:12:36,8,nan,0
钝钝,Point Luna,4,1,54,2020-12-03 23:38:40,7,nan,23
钝钝,UNMI (breakthrough),3,3,72,2020-12-04 16:48:01,8,nan,16
钝钝,CrediCor,2,2,95,2020-12-05 00:21:13,10,nan,0
钝钝,Manutech,2,3,58,2020-12-06 22:59:13,6,nan,22
钝钝,Point Luna,1,4,94,2020-12-07 01:36:24,8,nan,1
钝钝,Factorum (breakthrough),3,2,63,2020-12-08 00:25:51,7,nan,0
钝钝,Lakefront Resorts,1,2,97,2020-12-08 16:09:55,8,nan,16
钝钝,Valley Trust (breakthrough),1,4,113,2020-12-08 21:29:03,8,nan,21
钝钝,Tharsis Republic,2,1,59,2020-12-08 23:39:14,6,nan,23
钝钝,Id Front,2,1,70,2020-12-09 14:09:49,7,nan,14
钝钝,Teractor (breakthrough),3,2,55,2020-12-09 22:08:52,6,nan,22
钝钝,Lakefront Resorts,1,4,82,2020-12-10 00:37:02,8,nan,0
钝钝,Midas,1,4,121,2020-12-10 15:07:05,8,nan,15
钝钝,Manutech,3,2,59,2020-12-10 23:53:24,6,nan,23
钝钝,Poseidon,3,2,68,2020-12-11 19:41:39,8,nan,19
钝,CrediCor,2,3,83,2020-12-11 16:33:51,8,nan,16
钝钝,Teractor (breakthrough),2,2,78,2020-12-11 22:08:54,8,nan,22
钝钝,Inventrix (breakthrough),2,3,103,2020-12-12 14:21:43,8,nan,14
钝钝,Splice (breakthrough),1,1,82,2020-12-13 01:22:46,7,nan,1
钝钝,Inventrix (breakthrough),3,1,61,2020-12-17 22:33:25,7,nan,22
钝,Teractor (breakthrough),3,2,71,2020-12-05 23:59:28,8,nan,23
钝钝,Celestic (breakthrough),3,2,127,2020-12-19 16:44:52,10,nan,16
钝钝,Factorum (breakthrough),1,4,105,2020-12-21 00:56:21,9,nan,0
钝钝,Viron (breakthrough),2,4,66,2020-12-21 18:09:26,7,nan,18
钝钝,Pobolog (breakthrough),4,3,54,2020-12-21 20:28:39,6,nan,20
钝钝,Playwrights,3,3,60,2020-12-21 23:54:08,7,nan,23
钝钝,Philares,1,1,97,2020-12-24 16:40:11,8,nan,16
钝钝,Lakefront Resorts,3,1,77,2020-12-26 02:11:59,8,nan,2
钝钝,Inventrix (breakthrough),1,4,94,2020-12-28 14:10:15,8,nan,14
钝钝,Aridor,1,3,119,2020-12-29 02:21:49,8,nan,2
钝钝,Point Luna,2,3,66,2020-12-30 01:08:34,7,nan,1
钝钝,Playwrights,3,1,96,2020-12-30 23:01:18,9,nan,23
钝钝,Pobolog (breakthrough),1,1,106,2020-12-31 23:55:22,9,nan,23
钝钝,Teractor (breakthrough),2,2,88,2021-01-01 00:39:41,8,nan,0
钝钝,Inventrix (breakthrough),2,2,77,2021-01-01 14:34:36,8,nan,14
钝,Point Luna,4,3,70,2021-01-01 16:47:28,8,nan,16
钝钝,Incite,2,2,100,2021-01-03 02:05:41,9,nan,2
钝钝,Celestic (breakthrough),1,3,92,2021-01-04 22:54:22,8,nan,22
钝钝,Splice (breakthrough),3,2,79,2021-01-05 01:41:24,8,nan,1
钝钝,Viron (breakthrough),1,4,115,2021-01-05 19:20:41,8,nan,19
钝钝,Morning Star Inc.,1,1,110,2021-01-06 00:23:20,9,nan,0
钝,Aridor,1,1,157,2021-01-07 00:53:25,10,nan,0
钝钝,Factorum (breakthrough),1,4,121,2021-01-07 14:27:13,9,nan,14
钝钝,Tharsis Republic,2,3,85,2021-01-08 15:50:09,7,nan,15
钝钝,Lakefront Resorts,1,1,61,2021-01-08 21:46:01,6,nan,21
钝钝,Celestic (breakthrough),1,4,110,2021-01-09 01:17:30,9,nan,1
钝钝,Teractor (breakthrough),1,2,108,2021-01-09 23:22:55,8,nan,23
钝钝,Manutech,3,2,99,2021-01-10 14:05:33,9,nan,14
钝钝,Manutech,1,2,93,2021-01-11 00:23:45,8,nan,0
钝钝,Cheung Shing MARS,1,3,90,2021-01-11 19:30:32,7,nan,19
钝钝,Viron (breakthrough),3,4,71,2021-01-11 22:22:30,8,nan,22
钝钝,Philares,1,4,99,2021-01-12 23:40:45,8,nan,23
钝钝,Morning Star Inc.,3,2,62,2021-01-12 23:57:56,8,nan,23
钝钝,Aridor,2,3,76,2021-01-13 02:05:21,8,nan,2
钝钝,Point Luna,1,3,116,2021-01-13 20:59:28,9,nan,20
钝钝,Valley Trust (breakthrough),1,1,144,2021-01-13 23:29:08,9,nan,23
钝钝,Point Luna,3,1,82,2021-01-14 00:12:29,8,nan,0
钝钝,Factorum (breakthrough),3,4,77,2021-01-14 14:08:45,8,nan,14
钝钝,Pobolog (breakthrough),2,2,71,2021-01-15 13:46:28,7,nan,13
钝钝,Factorum (breakthrough),4,2,72,2021-01-15 16:10:12,8,nan,16
钝钝,Morning Star Inc.,2,4,104,2021-01-16 00:54:39,8,nan,0
钝钝,Inventrix (breakthrough),1,2,83,2021-01-16 01:48:27,7,nan,1
钝钝,Project Workshop,1,3,115,2021-01-16 15:32:50,9,nan,15
钝钝,Valley Trust (breakthrough),1,3,132,2021-01-17 00:32:42,9,nan,0
钝钝,Morning Star Inc.,4,2,68,2021-01-18 21:45:15,8,nan,21
钝钝,Point Luna,4,3,67,2021-01-18 22:20:46,8,nan,22
钝钝,Celestic (breakthrough),4,3,67,2021-01-19 01:13:41,8,nan,1
钝钝,Manutech,4,2,65,2021-01-19 14:54:10,8,nan,14
钝钝,Cheung Shing MARS,1,2,107,2021-01-19 15:00:35,10,nan,15
钝钝,Point Luna,2,1,81,2021-01-19 18:22:34,8,nan,18
钝钝,Valley Trust (breakthrough),1,4,122,2021-01-19 22:31:14,8,nan,22
钝,Point Luna,3,3,78,2021-01-24 01:17:44,8,nan,1
钝钝,Valley Trust (breakthrough),1,2,71,2021-01-26 21:32:04,7,nan,21
钝钝,Poseidon,1,1,92,2021-01-26 23:57:41,8,nan,23
钝钝,Celestic (breakthrough),3,1,67,2021-01-27 15:38:02,8,nan,15
钝钝,Saturn Systems,1,1,102,2021-01-27 21:55:19,8,nan,21
钝钝,Poseidon,2,2,67,2021-01-28 00:14:12,7,nan,0
钝钝,MorningStar Inc (breakthrough),4,3,57,2021-01-28 21:08:37,8,nan,21
钝钝,Lakefront Resorts,4,3,56,2021-01-30 00:08:10,7,nan,0
钝,Valley Trust (breakthrough),3,2,78,2021-02-01 23:58:11,8,nan,23
钝钝,Vitor,1,3,95,2021-02-04 23:24:20,8,nan,23
钝钝,Teractor (breakthrough),3,3,62,2021-02-06 23:52:19,7,nan,23
钝钝,Vitor,2,1,103,2021-02-17 22:20:38,9,nan,22
钝钝,Aphrodite (breakthrough),2,4,82,2021-02-19 13:18:31,7,nan,13
钝钝,CrediCor,2,3,74,2021-02-20 20:16:30,7,nan,20
钝钝,Id Front,2,2,86,2021-02-20 23:49:50,8,nan,23
钝钝,MorningStar Inc (breakthrough),2,3,63,2021-02-21 14:11:08,7,nan,14
钝钝,MorningStar Inc (breakthrough),3,4,108,2021-02-21 18:40:42,9,nan,18
钝钝,Viron (breakthrough),2,1,59,2021-02-22 00:13:15,7,nan,0
钝钝,Playwrights,1,1,154,2021-02-23 01:01:46,9,nan,1
钝钝,UNMI (breakthrough),1,3,76,2021-03-09 22:42:51,7,nan,22
钝钝,Playwrights,1,3,95,2021-03-10 02:22:27,8,nan,2
钝钝,Chaos,4,2,70,2021-03-15 17:57:12,8,nan,17
钝钝,Terralabs Research (breakthrough),2,2,66,2021-03-17 00:11:36,7,nan,0
钝钝,Manutech,2,2,88,2021-03-18 01:05:49,8,nan,1
钝钝,Terralabs Research (breakthrough),1,1,83,2021-03-18 22:27:56,8,nan,22
钝钝,Terralabs Research (breakthrough),1,1,152,2021-03-19 20:27:11,10,nan,20
钝,Factorum (breakthrough),3,2,51,2021-03-19 21:40:59,6,nan,21
钝钝,Terralabs Research (breakthrough),4,4,57,2021-03-20 16:37:36,7,nan,16
钝钝,Arcadian Communities (breakthrough),3,4,61,2021-03-21 20:52:05,7,nan,20
钝,Terralabs Research (breakthrough),3,2,75,2021-03-21 22:03:21,8,nan,22
钝钝,Aristarchus,1,2,140,2021-03-22 17:52:45,10,nan,17
钝钝,Labour Union,1,2,88,2021-03-22 18:44:52,9,nan,18
钝钝,Point Luna,1,3,99,2021-03-23 16:40:27,8,nan,16
钝钝,Nanotech Industries,3,3,73,2021-03-25 02:02:39,10,nan,2
钝钝,The Archaic Foundation Institute,1,1,115,2021-03-27 14:49:39,9,nan,14
钝钝,Point Luna,1,4,131,2021-03-29 01:44:54,10,nan,1
钝钝,Chaos,3,4,60,2021-03-29 01:47:39,7,nan,1
钝钝,MorningStar Inc (breakthrough),4,2,54,2021-03-29 14:05:56,6,nan,14
钝钝,Inventrix (breakthrough),3,2,59,2021-03-29 16:55:33,7,nan,16
钝钝,Thorgate (breakthrough),1,2,94,2021-03-31 01:28:07,8,nan,1
钝钝,Terralabs Research (breakthrough),2,1,113,2021-04-02 13:58:06,10,nan,13
钝钝,Terralabs Research (breakthrough),1,1,121,2021-04-03 01:34:40,9,nan,1
钝钝,Aphrodite (breakthrough),1,1,75,2021-04-03 13:46:38,6,nan,13
钝钝,Pharmacy Union,1,2,102,2021-04-04 19:56:59,8,nan,19
钝钝,Cheung Shing MARS,2,4,87,2021-04-04 23:06:23,9,nan,23
钝钝,Midas,3,1,65,2021-04-06 14:01:10,8,nan,14
钝钝,Septem Tribus,3,3,65,2021-04-06 17:39:02,7,nan,17
钝钝,Playwrights,4,4,66,2021-04-08 00:04:58,8,nan,0
钝钝,Arklight (breakthrough),3,2,54,2021-04-08 23:51:33,6,nan,23
钝钝,United Nations Mission One,1,2,126,2021-04-09 03:40:59,10,nan,3
钝钝,Pobolog (breakthrough),2,3,83,2021-04-09 13:51:46,8,nan,13
钝钝,Playwrights,4,2,52,2021-04-09 20:14:25,7,nan,20
钝钝,Terralabs Research (breakthrough),1,1,75,2021-04-09 22:55:38,7,nan,22
钝钝,Recyclon (breakthrough),2,4,100,2021-04-10 12:23:47,9,nan,12
钝钝,Manutech,1,1,121,2021-04-10 23:52:54,9,nan,23
钝钝,Interplanetary Cinematics (breakthrough),2,3,73,2021-04-11 20:22:51,7,nan,20
钝钝,Interplanetary Cinematics (breakthrough),1,1,61,2021-04-11 21:16:27,6,nan,21
钝钝,Arklight (breakthrough),3,3,69,2021-04-11 23:38:29,8,nan,23
钝钝,Mining guild (breakthrough),3,2,69,2021-04-16 22:24:36,7,nan,22
钝钝,MorningStar Inc (breakthrough),2,3,74,2021-04-16 23:50:54,7,nan,23
钝钝,Pharmacy Union,3,4,83,2021-04-17 02:02:37,8,nan,2
钝钝,Inventrix (breakthrough),2,2,77,2021-04-17 11:51:55,8,nan,11
钝钝,Labour Union,3,4,74,2021-04-17 14:09:44,8,nan,14
钝钝,Terralabs Research (breakthrough),2,4,81,2021-04-17 23:35:14,7,nan,23
钝钝,Terralabs Research (breakthrough),4,4,47,2021-04-18 18:26:35,7,nan,18
钝钝,Manutech,3,4,67,2021-04-19 17:29:07,7,nan,17
钝钝,Project Workshop,2,2,79,2021-04-21 11:38:37,8,nan,11
钝钝,Saturn Systems,3,3,58,2021-04-21 15:11:16,6,nan,15
钝钝,Incite Ender,2,3,82,2021-04-22 01:03:31,8,nan,1
钝钝,Inventrix (breakthrough),3,1,95,2021-04-22 03:14:27,9,nan,3
钝钝,Aristarchus,1,2,102,2021-04-23 01:18:34,8,nan,1
钝钝,Viron (breakthrough),1,3,87,2021-04-24 16:07:33,7,nan,16
钝,Chaos,1,4,177,2021-04-24 19:22:48,9,nan,19
钝钝,Id Front,4,4,73,2021-04-24 22:28:47,8,nan,22
钝钝,Manutech,2,1,71,2021-04-25 12:13:00,7,nan,12
钝钝,Playwrights,1,3,63,2021-04-25 13:44:28,6,nan,13
钝钝,Mining guild (breakthrough),2,3,72,2021-04-25 13:59:50,8,nan,13
钝,Chaos,1,1,90,2021-04-25 16:15:29,8,nan,16
钝钝,Point Luna,2,2,65,2021-04-25 18:45:22,7,nan,18
钝钝,Inventrix (breakthrough),3,4,66,2021-04-25 21:27:20,7,nan,21
钝钝,Recyclon (breakthrough),2,4,68,2021-04-26 15:06:20,7,nan,15
钝钝,Factorum (breakthrough),1,3,88,2021-04-26 16:09:57,7,nan,16
钝钝,Pobolog (breakthrough),1,2,112,2021-04-27 13:26:38,8,nan,13
钝钝,Curiosity II,1,4,73,2021-04-29 13:01:04,7,nan,13
钝钝,Interplanetary Cinematics (breakthrough),1,4,69,2021-04-29 15:17:43,7,nan,15
钝钝,Terralabs Research (breakthrough),1,1,71,2021-04-30 21:00:05,7,nan,21
钝钝,Project Workshop,1,2,97,2021-04-30 23:47:01,8,nan,23
钝钝,Inventrix (breakthrough),2,2,63,2021-05-02 20:05:35,7,nan,20
钝钝,Chaos,3,2,63,2021-05-02 21:33:22,7,nan,21
钝钝,Playwrights,1,4,84,2021-05-02 23:05:44,7,nan,23
钝钝,Agricola Inc,1,2,74,2021-05-03 16:24:18,8,nan,16
钝钝,Teractor (breakthrough),1,3,66,2021-05-05 18:40:59,6,nan,18
钝钝,Factorum (breakthrough),3,2,81,2021-05-07 22:01:42,8,nan,22
钝钝,Philares,2,4,82,2021-05-08 00:23:03,8,nan,0
钝钝,United Nations Mission One,1,3,70,2021-05-08 15:03:41,7,nan,15
钝钝,Manutech,2,2,94,2021-05-14 00:10:18,9,nan,0
钝钝,Chaos,1,2,103,2021-05-15 12:59:42,8,nan,12
钝钝,Celestic (breakthrough),4,4,61,2021-05-19 14:58:52,9,nan,14
钝钝,UNMI (breakthrough),1,3,76,2021-05-21 13:01:47,7,nan,13
钝钝,Viron (breakthrough),2,1,65,2021-05-21 15:53:57,7,nan,15
钝钝,MorningStar Inc (breakthrough),1,3,129,2021-05-21 21:59:49,9,nan,21
钝钝,Inventrix (breakthrough),2,4,104,2021-05-22 15:39:47,9,nan,15
钝钝,Robinson Industries (breakthrough),4,2,53,2021-05-23 23:50:13,7,nan,23
钝钝,Chaos,1,1,91,2021-05-31 14:19:32,7,nan,14
钝钝,Mining guild (breakthrough),3,2,73,2021-06-02 21:19:26,8,nan,21
钝钝,Cheung Shing MARS,1,4,90,2021-06-03 00:36:56,8,nan,0
钝钝,Aristarchus,1,2,109,2021-06-09 12:27:03,7,UNMI (breakthrough),12
钝钝,Saturn Systems,2,4,91,2021-06-09 23:23:48,7,Poseidon,23
钝钝,Mining guild (breakthrough),1,4,74,2021-06-10 12:04:02,6,Philares,12
钝钝,Curiosity II,2,2,97,2021-06-11 13:05:01,8,Aphrodite (breakthrough),13
钝钝,MorningStar Inc (breakthrough),1,2,83,2021-06-11 14:29:03,6,Playwrights,14
钝钝,Project Workshop,1,4,115,2021-06-11 21:56:07,8,Saturn Systems,21
钝钝,UNMI (breakthrough),2,1,96,2021-06-12 01:28:48,7,Aristarchus,1
钝钝,Helion (breakthrough),2,1,71,2021-06-14 00:24:55,7,Playwrights,0
钝钝,Vitor,3,4,46,2021-06-14 00:47:02,5,StormCraft Incorporated (breakthrough),0
钝钝,UNMI (breakthrough),1,2,83,2021-06-15 13:42:15,6,Aphrodite (breakthrough),13
钝钝,Aridor,3,3,58,2021-06-15 23:26:13,7,Playwrights,23
钝钝,Teractor (breakthrough),1,2,106,2021-06-16 01:53:33,7,Playwrights,1
钝钝,Teractor (breakthrough),2,4,83,2021-06-17 23:33:31,7,Point Luna,23
钝钝,Inventrix (breakthrough),1,2,110,2021-06-18 15:15:19,7,Terralabs Research (breakthrough),15
钝钝,Factorum (breakthrough),2,1,97,2021-06-19 02:04:47,8,Chaos,2
钝钝,Aridor,2,3,93,2021-06-20 01:19:53,7,Aristarchus,1
钝钝,Pobolog (breakthrough),2,3,53,2021-06-21 18:54:18,4,Utopia Invest,18
钝钝,Manutech,2,2,73,2021-06-22 00:07:01,6,Teractor (breakthrough),0
钝钝,Manutech,3,1,91,2021-06-22 15:55:23,8,Utopia Invest,15
钝钝,Incite Ender,1,4,127,2021-06-22 19:39:13,8,Pristar,19
钝钝,Teractor (breakthrough),3,2,62,2021-06-22 21:56:14,6,Astrodrill,21
钝钝,Pobolog (breakthrough),3,3,44,2021-06-23 22:27:37,5,Trade Navigator,22
钝钝,Terralabs Research (breakthrough),1,2,145,2021-06-25 23:11:33,8,Septem Tribus,23
钝钝,Factorum (breakthrough),3,2,90,2021-06-26 14:42:15,7,Incite Ender,14
钝钝,Pobolog (breakthrough),1,4,74,2021-06-27 23:26:03,6,UNMI (breakthrough),23
钝钝,Interplanetary Cinematics (breakthrough),1,2,99,2021-06-28 17:38:48,7,Manutech,17
钝钝,Inventrix (breakthrough),1,1,127,2021-06-28 21:26:39,7,Viron (breakthrough),21
钝钝,Mining guild (breakthrough),2,4,75,2021-06-29 12:59:15,7,Factorum (breakthrough),12
钝钝,Pobolog (breakthrough),2,4,97,2021-06-29 16:06:16,7,Trade Navigator,16
钝钝,Terralabs Research (breakthrough),3,2,53,2021-06-30 13:01:06,6,Viron (breakthrough),13
钝钝,Celestic (breakthrough),2,1,107,2021-06-30 22:43:50,8,Point Luna,22
钝钝,Chaos,1,4,78,2021-07-01 20:46:12,7,Terralabs Research (breakthrough),20
钝钝,MorningStar Inc (breakthrough),3,3,74,2021-07-01 23:42:13,6,Pobolog (breakthrough),23
钝钝,Arklight (breakthrough),4,4,68,2021-07-02 15:51:17,7,Splice (breakthrough),15
钝钝,Ecoline (breakthrough),1,2,107,2021-07-02 18:20:54,7,Chaos,18
钝钝,Pobolog (breakthrough),2,1,90,2021-07-02 22:10:47,7,Vitor,22
钝钝,Saturn Systems,3,4,65,2021-07-04 14:12:47,9,StormCraft Incorporated (breakthrough),14
钝钝,MorningStar Inc (breakthrough),1,3,120,2021-07-07 16:30:48,8,Valley Trust (breakthrough),16
钝钝,Celestic (breakthrough),2,4,88,2021-07-08 16:09:11,7,Septem Tribus,16
钝钝,Manutech,1,3,92,2021-07-08 17:38:33,7,Id Front,17
钝钝,Splice (breakthrough),3,2,61,2021-07-09 17:52:13,6,Pharmacy Union,17
钝钝,Aphrodite (breakthrough),1,3,85,2021-07-10 18:34:18,6,MorningStar Inc (breakthrough),18
钝钝,Brotherhood of Mutants,1,2,177,2021-07-10 23:51:06,6,Viron (breakthrough),23
钝钝,Inventrix (breakthrough),1,2,98,2021-07-12 15:45:27,7,Septem Tribus,15
钝钝,Philares,1,3,106,2021-07-12 23:52:40,7,Septem Tribus,23
钝钝,Id Front,1,4,93,2021-07-13 17:30:56,6,Chaos,17
钝钝,Id Front,3,3,82,2021-07-14 22:56:12,7,Inventrix (breakthrough),22
钝钝,MorningStar Inc (breakthrough),1,1,76,2021-07-15 11:34:26,6,Thorgate (breakthrough),11
钝钝,Arklight (breakthrough),1,1,80,2021-07-15 13:17:44,5,Aphrodite (breakthrough),13
钝钝,Aristarchus,3,2,64,2021-07-15 15:25:23,6,Viron (breakthrough),15
钝钝,Inventrix (breakthrough),1,3,106,2021-07-16 00:44:10,6,Splice (breakthrough),0
钝钝,Poseidon,1,2,95,2021-07-16 23:08:47,6,Thorgate (breakthrough),23
钝钝,Point Luna,2,2,73,2021-07-19 22:16:48,7,Vitor,22
钝钝,Valley Trust (breakthrough),3,4,95,2021-07-20 22:50:24,8,Septem Tribus,22
钝钝,Interplanetary Cinematics (breakthrough),3,4,53,2021-07-21 22:54:35,6,Aristarchus,22
钝钝,Splice (breakthrough),1,1,82,2021-07-22 00:31:06,6,Saturn Systems,0
钝钝,Manutech,2,1,68,2021-07-26 15:18:44,5,Septem Tribus,15
钝钝,Recyclon (breakthrough),3,2,59,2021-07-27 12:32:33,6,Factorum (breakthrough),12
钝钝,Splice (breakthrough),4,3,66,2021-07-28 19:44:46,6,Teractor (breakthrough),19
钝钝,StormCraft Incorporated (breakthrough),1,3,116,2021-07-30 00:11:33,8,Inventrix (breakthrough),0
钝钝,Lakefront Resorts,1,4,96,2021-07-30 21:50:52,7,Midas,21
钝钝,Splice (breakthrough),2,4,84,2021-07-30 21:53:49,7,Celestic (breakthrough),21
钝钝,Manutech,3,1,84,2021-07-31 01:05:01,7,Point Luna,1
钝钝,Aridor,1,2,92,2021-07-31 22:11:58,7,Interplanetary Cinematics (breakthrough),22
钝钝,Point Luna,4,4,32,2021-08-07 17:43:06,5,Teractor (breakthrough),17
钝钝,Aridor,1,4,82,2021-08-07 20:34:08,7,Valley Trust (breakthrough),20
钝钝,Philares,3,3,91,2021-08-09 20:50:44,7,Lakefront Resorts,20
钝钝,Interplanetary Cinematics (breakthrough),1,3,132,2021-08-10 00:39:57,7,Poseidon,0
钝钝,Teractor (breakthrough),3,4,57,2021-08-11 16:02:15,5,Brotherhood of Mutants,16
钝钝,Chaos,1,2,90,2021-08-12 21:24:40,7,Robinson Industries (breakthrough),21
钝钝,Manutech,1,3,110,2021-08-12 23:34:14,7,CrediCor,23
钝钝,Celestic (breakthrough),1,2,106,2021-08-13 12:20:05,7,Trade Navigator,12
钝钝,Incite Ender,3,1,56,2021-08-14 00:42:54,6,Interplanetary Cinematics (breakthrough),0
钝钝,Vitor,2,2,66,2021-08-14 01:05:38,6,Valley Trust (breakthrough),1
钝钝,Teractor (breakthrough),1,2,69,2021-08-15 00:32:01,5,Interplanetary Cinematics (breakthrough),0
钝钝,Robinson Industries (breakthrough),2,3,59,2021-08-15 16:45:36,6,Pristar,16
钝钝,Incite Ender,2,1,71,2021-08-17 00:18:51,6,Playwrights,0
钝钝,Trade Navigator,1,3,208,2021-08-17 17:15:14,8,Midas,17
钝钝,Terralabs Research (breakthrough),2,4,89,2021-08-18 15:18:47,7,Interplanetary Cinematics (breakthrough),15
钝钝,Aridor,2,3,91,2021-08-18 22:28:22,7,Manutech,22
钝钝,CrediCor,3,3,58,2021-08-19 13:30:05,6,Interplanetary Cinematics (breakthrough),13
钝钝,Aridor,2,1,80,2021-08-19 17:16:39,7,Robinson Industries (breakthrough),17
钝钝,Valley Trust (breakthrough),2,3,103,2021-08-19 17:49:00,7,Viron (breakthrough),17
钝钝,Point Luna,2,1,71,2021-08-20 15:00:03,6,Polyphemos (breakthrough),15
钝钝,Interplanetary Cinematics (breakthrough),1,4,75,2021-08-20 16:26:23,5,Pobolog (breakthrough),16
钝钝,Valley Trust (breakthrough),3,3,58,2021-08-20 18:36:05,6,Trade Navigator,18
钝钝,Aphrodite (breakthrough),1,1,101,2021-08-20 23:32:34,6,CrediCor,23
钝钝,Ecoline (breakthrough),1,4,63,2021-08-21 11:57:23,5,Chaos,11
钝钝,Septem Tribus,1,2,74,2021-08-21 15:44:42,6,Viron (breakthrough),15
钝钝,United Nations Mission One,3,4,59,2021-08-21 17:33:10,6,Recyclon (breakthrough),17
钝钝,Aristarchus,1,1,92,2021-08-22 13:52:22,6,Viron (breakthrough),13
钝钝,Inventrix (breakthrough),2,3,84,2021-08-23 16:05:27,8,Pobolog (breakthrough),16
钝钝,Point Luna,4,2,74,2021-08-23 21:18:00,7,Vitor,21
钝钝,Thorgate (breakthrough),3,2,69,2021-08-23 22:45:31,7,Midas,22
钝钝,Inventrix (breakthrough),2,2,99,2021-08-25 02:34:41,7,Chaos,2
钝钝,Terralabs Research (breakthrough),1,2,155,2021-08-25 16:59:00,8,Incite Ender,16
钝钝,Manutech,1,4,100,2021-08-26 23:27:18,7,Utopia Invest,23
钝钝,Aridor,1,1,71,2021-08-29 23:09:41,5,Manutech,23
